tamanho_matriz,tempo_execucao
10,0.000075
100,0.020241
500,1.642287
1000,15.256861
2000,179.556352
3000,600.686618
4000,2911.000828
