tamanho_matriz,tempo_execucao
10,0.000029
100,0.008665
500,1.068074
1000,7.319517
2000,55.554869
3000,228.676957
4000,480.362635
